title,published,link,DOI,authors,content_type
"Large Language Model Assisted Software Engineering: Prospects, Challenges, and a Case Study",2024,https://link.springer.com/chapter/10.1007/978-3-031-46002-9_23,10.1007/978-3-031-46002-9_23,"Lenz Belzner, Thomas Gabor, Martin Wirsing",Conference paper
Docimological Quality Analysis of LLM-Generated Multiple Choice Questions in Computer Science and Medicine,10 June 2024,/article/10.1007/s42979-024-02963-6,10.1007/s42979-024-02963-6,"Christian Grévisse, Maria Angeliki S. Pavlou, Jochen G. Schneider",Article
Assistant Teaching System for Computer Hardware Courses Based on Large Language Model,2024,https://link.springer.com/chapter/10.1007/978-981-97-0730-0_27,10.1007/978-981-97-0730-0_27,"Dongdong Zhang, Qian Cao, ... Lisheng Wang",Conference paper
Automated quantum software engineering,12 April 2024,/article/10.1007/s10515-024-00436-x,10.1007/s10515-024-00436-x,Aritra Sarkar,Article
Large language model and domain-specific model collaboration for smart education,23 March 2024,/article/10.1631/FITEE.2300747,10.1631/FITEE.2300747,"Yawei Luo, Yi Yang",Article
A survey on large language model based autonomous agents,22 March 2024,/article/10.1007/s11704-024-40231-1,10.1007/s11704-024-40231-1,"Lei Wang, Chen Ma, ... Jirong Wen",Article
Large Language Model for Geometric Algebra: A Preliminary Attempt,2024,https://link.springer.com/chapter/10.1007/978-3-031-50078-7_19,10.1007/978-3-031-50078-7_19,"Jian Wang, Ziqiang Wang, ... Zhaoyuan Yu",Conference paper
Evaluation of LLM Tools for Feedback Generation in a Course on Concurrent Programming,15 May 2024,/article/10.1007/s40593-024-00406-0,10.1007/s40593-024-00406-0,"Iria Estévez-Ayres, Patricia Callejo, ... Carlos Delgado Kloos",Article
Automated Comment Generation Based on the Large Language Model,2024,https://link.springer.com/chapter/10.1007/978-981-97-0730-0_25,10.1007/978-981-97-0730-0_25,"Kaiwei Cai, Junsheng Zhou, ... Xianzhuo Li",Conference paper
Can AI serve as a substitute for human subjects in software engineering research?,11 January 2024,/article/10.1007/s10515-023-00409-6,10.1007/s10515-023-00409-6,"Marco Gerosa, Bianca Trinkenreich, ... Anita Sarma",Article
Performance of Large Language Models in a Computer Science Degree Program,2024,https://link.springer.com/chapter/10.1007/978-3-031-50485-3_40,10.1007/978-3-031-50485-3_40,"Tim Krüger, Michael Gref",Conference paper
Transforming Driver Education: A Comparative Analysis of LLM-Augmented Training and Conventional Instruction for Autonomous Vehicle Technologies,14 May 2024,/article/10.1007/s40593-024-00407-z,10.1007/s40593-024-00407-z,"Mohsin Murtaza, Chi-Tsun Cheng, ... John Zeleznikow",Article
LLM examiner: automating assessment in informal self-directed e-learning using ChatGPT,10 June 2024,/article/10.1007/s10115-024-02156-w,10.1007/s10115-024-02156-w,"Nursultan Askarbekuly, Nenad Aničić",Article
Exploring Gender Bias In Remote Pair Programming Among Software Engineering Students: The twincode Original Study And First External Replication,01 February 2024,/article/10.1007/s10664-023-10416-6,10.1007/s10664-023-10416-6,"Amador Durán Toro, Pablo Fernández, ... Armando Fox",Article
A Large Language Model Approach to Educational Survey Feedback Analysis,25 June 2024,/article/10.1007/s40593-024-00414-0,10.1007/s40593-024-00414-0,"Michael J. Parker, Caitlin Anderson, ... YeaRim Oh",Article
Large language models for qualitative research in software engineering: exploring opportunities and challenges,21 December 2023,/article/10.1007/s10515-023-00407-8,10.1007/s10515-023-00407-8,"Muneera Bano, Rashina Hoda, ... Christoph Treude",Article
Future of software development with generative AI,11 March 2024,/article/10.1007/s10515-024-00426-z,10.1007/s10515-024-00426-z,"Jaakko Sauvola, Sasu Tarkoma, ... David Doermann",Article
Enhancing Image Comprehension for Computer Science Visual Question Answering,2024,https://link.springer.com/chapter/10.1007/978-981-99-8429-9_39,10.1007/978-981-99-8429-9_39,"Hongyu Wang, Pengpeng Qiang, ... Jingchang Hu",Conference paper
RA-CFGPT: Chinese financial assistant with retrieval-augmented large language model,06 June 2024,/article/10.1007/s11704-024-31018-5,10.1007/s11704-024-31018-5,"Jiangtong Li, Yang Lei, ... Changjun Jiang",Article
Analyzing Scrum Team Impediments Using NLP,2023,https://link.springer.com/chapter/10.1007/978-3-031-48639-5_4,10.1007/978-3-031-48639-5_4,"Kaleemunnisa, Christelle Scharff, ... Kaiyin Chen",Conference paper
Incorporating AI in foreign language education: An investigation into ChatGPT’s effect on foreign language learners,19 March 2024,/article/10.1007/s10639-024-12574-6,10.1007/s10639-024-12574-6,"Fatih Karataş, Faramarz Yaşar Abedi, ... Yasemin Kuzgun",Article
Role of AI chatbots in education: systematic literature review,31 October 2023,/article/10.1186/s41239-023-00426-1,10.1186/s41239-023-00426-1,"Lasha Labadze, Maya Grigolia, Lela Machaidze",Article
Parallel intelligent education with ChatGPT,08 June 2023,/article/10.1631/FITEE.2300166,10.1631/FITEE.2300166,"Jiacun Wang, Ying Tang, ... Fei-Yue Wang",Article
"Large-Language-Models (LLM)-Based AI Chatbots: Architecture, In-Depth Analysis and Their Performance Evaluation",2024,https://link.springer.com/chapter/10.1007/978-3-031-53085-2_20,10.1007/978-3-031-53085-2_20,"Vimal Kumar, Priyam Srivastava, ... Ruchika Arora",Conference paper
Assessing ChatGPT’s Proficiency in CS1-Level Problem Solving,2024,https://link.springer.com/chapter/10.1007/978-3-031-47372-2_7,10.1007/978-3-031-47372-2_7,"Mario Sánchez, Andrea Herrera",Conference paper
Bridging the Programming Skill Gap with ChatGPT: A Machine Learning Project with Business Students,2024,https://link.springer.com/chapter/10.1007/978-3-031-50485-3_42,10.1007/978-3-031-50485-3_42,"Michael Reiche, Jochen L. Leidner",Conference paper
Towards Higher Abstraction Levels in Quantum Computing,2024,https://link.springer.com/chapter/10.1007/978-981-97-0989-2_13,10.1007/978-981-97-0989-2_13,"Hermann Fürntratt, Paul Schnabl, ... Herwig Zeiner",Conference paper
Applications and Implication of Generative AI in Non-STEM Disciplines in Higher Education,2024,https://link.springer.com/chapter/10.1007/978-981-99-7587-7_29,10.1007/978-981-99-7587-7_29,"Tao Wu, Shu hua Zhang",Conference paper
The Recent Trends of Research on GitHub Copilot: A Systematic Review,2024,https://link.springer.com/chapter/10.1007/978-981-99-9589-9_27,10.1007/978-981-99-9589-9_27,"Zhamri Che Ani, Zauridah Abdul Hamid, Nur Nazifa Zhamri",Conference paper
Anticipating User Needs: Insights from Design Fiction on Conversational Agents for Computational Thinking,2024,https://link.springer.com/chapter/10.1007/978-3-031-54975-5_12,10.1007/978-3-031-54975-5_12,"Jacob Penney, João Felipe Pimentel, ... Marco A. Gerosa",Conference paper
Empowering Education with LLMs - The Next-Gen Interface and Content Generation,2023,https://link.springer.com/chapter/10.1007/978-3-031-36336-8_4,10.1007/978-3-031-36336-8_4,"Steven Moore, Richard Tong, ... John Stamper",Conference paper
Investigating large language models capabilities for automatic code repair in Python,09 May 2024,/article/10.1007/s10586-024-04490-8,10.1007/s10586-024-04490-8,"Safwan Omari, Kshitiz Basnet, Mohammad Wardat",Article
Beyond Mastery: Toward a Broader Understanding of AI in Education,20 June 2023,/article/10.1007/s40593-023-00343-4,10.1007/s40593-023-00343-4,Ilkka Tuomi,Article
Prospectives and drawbacks of ChatGPT in healthcare and clinical medicine,20 February 2024,/article/10.1007/s43681-024-00434-5,10.1007/s43681-024-00434-5,"Khadija Alam, Akhil Kumar, F. N. U. Samiullah",Article
Training Language Models for Programming Feedback Using Automated Repair Tools,2023,https://link.springer.com/chapter/10.1007/978-3-031-36272-9_79,10.1007/978-3-031-36272-9_79,Charles Koutcheme,Conference paper
"Embracing the future of Artificial Intelligence in the classroom: the relevance of AI literacy, prompt engineering, and critical thinking in modern education",26 February 2024,/article/10.1186/s41239-024-00448-3,10.1186/s41239-024-00448-3,Yoshija Walter,Article
Exploring GPT-4 as MR Sequence and Reconstruction Programming Assistant,2024,https://link.springer.com/chapter/10.1007/978-3-658-44037-4_28,10.1007/978-3-658-44037-4_28,"Moritz Zaiss, Junaid R. Rajput, ... Andreas Maier",Conference paper
Value-Based Adoption of ChatGPT in Agile Software Development: A Survey Study of Nordic Software Experts,2024,https://link.springer.com/chapter/10.1007/978-3-031-55642-5_12,10.1007/978-3-031-55642-5_12,"Anh Nguyen-Duc, Dron Khanna",Chapter
"A meta systematic review of artificial intelligence in higher education: a call for increased ethics, collaboration, and rigour",19 January 2024,/article/10.1186/s41239-023-00436-z,10.1186/s41239-023-00436-z,"Melissa Bond, Hassan Khosravi, ... George Siemens",Article
Prompting Large Language Models to Power Educational Chatbots,2023,https://link.springer.com/chapter/10.1007/978-981-99-8385-8_14,10.1007/978-981-99-8385-8_14,"Juan Carlos Farah, Sandy Ingram, ... Denis Gillet",Conference paper
On the assessment of generative AI in modeling tasks: an experience report with ChatGPT and UML,22 May 2023,/article/10.1007/s10270-023-01105-5,10.1007/s10270-023-01105-5,"Javier Cámara, Javier Troya, ... Antonio Vallecillo",Article
"GPT-4 in Education: Evaluating Aptness, Reliability, and Loss of Coherence in Solving Calculus Problems and Grading Submissions",05 May 2024,/article/10.1007/s40593-024-00403-3,10.1007/s40593-024-00403-3,Alberto Gandolfi,Article
Automatic Generation of Multiple-Choice Questions for CS0 and CS1 Curricula Using Large Language Models,2024,https://link.springer.com/chapter/10.1007/978-981-97-0730-0_28,10.1007/978-981-97-0730-0_28,"Tian Song, Qinqin Tian, ... Shuting Liu",Conference paper
An analysis of large language models: their impact and potential applications,11 May 2024,/article/10.1007/s10115-024-02120-8,10.1007/s10115-024-02120-8,"G. Bharathi Mohan, R. Prasanna Kumar, ... Srinath Doss",Article
Feasibility Study on Parameter Adjustment for a Humanoid Using LLM Tailoring Physical Care,2024,https://link.springer.com/chapter/10.1007/978-981-99-8715-3_20,10.1007/978-981-99-8715-3_20,"Tamon Miyake, Yushi Wang, ... Shigeki Sugano",Conference paper
Four Interactions Between AI and Education: Broadening Our Perspective on What AI Can Offer Education,2023,https://link.springer.com/chapter/10.1007/978-3-031-36336-8_1,10.1007/978-3-031-36336-8_1,"Sina Rismanchian, Shayan Doroudi",Conference paper
Generating domain models from natural language text using NLP: a benchmark dataset and experimental comparison of tools,08 May 2024,/article/10.1007/s10270-024-01176-y,10.1007/s10270-024-01176-y,"Fatma Bozyigit, Tolgahan Bardakci, ... Michel R. V. Chaudron",Article
From GPT-3 to GPT-4: On the Evolving Efficacy of LLMs to Answer Multiple-Choice Questions for Programming Classes in Higher Education,2024,https://link.springer.com/chapter/10.1007/978-3-031-53656-4_8,10.1007/978-3-031-53656-4_8,"Jaromir Savelka, Arav Agarwal, ... Majd Sakr",Conference paper
Empowering education development through AIGC: A systematic literature review,29 February 2024,/article/10.1007/s10639-024-12549-7,10.1007/s10639-024-12549-7,"Xiaojiao Chen, Zhebing Hu, Chengliang Wang",Article
Business and Ethical Concerns in Domestic Conversational Generative AI-Empowered Multi-robot Systems,2024,https://link.springer.com/chapter/10.1007/978-3-031-53227-6_13,10.1007/978-3-031-53227-6_13,"Rebekah Rousi, Hooman Samani, ... Pekka Abrahamsson",Conference paper
Exploring ChatGPT and its impact on society,21 February 2024,/article/10.1007/s43681-024-00435-4,10.1007/s43681-024-00435-4,"Md. Asraful Haque, Shuai Li",Article
"Public attitudes toward chatgpt on twitter: sentiments, topics, and occupations",20 May 2024,/article/10.1007/s13278-024-01260-7,10.1007/s13278-024-01260-7,"Ratanond Koonchanok, Yanling Pan, Hyeju Jang",Article
Data,2023,https://link.springer.com/chapter/10.1007/978-1-4842-9367-6_2,10.1007/978-1-4842-9367-6_2,Tom Taulli,Chapter
To resist it or to embrace it? Examining ChatGPT’s potential to support teacher feedback in EFL writing,29 August 2023,/article/10.1007/s10639-023-12146-0,10.1007/s10639-023-12146-0,"Kai Guo, Deliang Wang",Article
Adaptation of Enterprise Modeling Methods for Large Language Models,2024,https://link.springer.com/chapter/10.1007/978-3-031-48583-1_1,10.1007/978-3-031-48583-1_1,"Balbir S. Barn, Souvik Barat, Kurt Sandkuhl",Conference paper
"Students’ voices on generative AI: perceptions, benefits, and challenges in higher education",17 July 2023,/article/10.1186/s41239-023-00411-8,10.1186/s41239-023-00411-8,"Cecilia Ka Yuk Chan, Wenjie Hu",Article
Design and Application of Formative Evaluation in the Artificial Intelligence Course,2024,https://link.springer.com/chapter/10.1007/978-981-97-0791-1_22,10.1007/978-981-97-0791-1_22,"Ping Zhong, Chengyang Zhu, ... Wanchun Jiang",Conference paper
"Reflections on Automation, Learnability and Expressiveness in Logic-Based Programming Languages",2023,https://link.springer.com/chapter/10.1007/978-3-031-35254-6_29,10.1007/978-3-031-35254-6_29,Paul Tarau,Chapter
"ChatGPT Needs SPADE (Sustainability, PrivAcy, Digital divide, and Ethics) Evaluation: A Review",05 May 2024,/article/10.1007/s12559-024-10285-1,10.1007/s12559-024-10285-1,"Sunder Ali Khowaja, Parus Khuwaja, ... Lewis Nkenyereye",Article
Natural language processing in educational research: The evolution of research topics,23 May 2024,/article/10.1007/s10639-024-12764-2,10.1007/s10639-024-12764-2,"Hao Wu, Shan Li, ... Guozhu Ding",Article
"Editorial for EAIT issue 12, 2023",20 November 2023,/article/10.1007/s10639-023-12367-3,10.1007/s10639-023-12367-3,Arthur Tatnall,Article
Few-shot is enough: exploring ChatGPT prompt engineering method for automatic question generation in english education,31 October 2023,/article/10.1007/s10639-023-12249-8,10.1007/s10639-023-12249-8,"Unggi Lee, Haewon Jung, ... Hyeoncheol Kim",Article
Demystifying the Impact of ChatGPT on Teaching and Learning,2024,https://link.springer.com/chapter/10.1007/978-3-031-48536-7_7,10.1007/978-3-031-48536-7_7,"Tapiwa Gundu, Colin Chibaya",Conference paper
Students’ perceptions of using ChatGPT in a physics class as a virtual tutor,22 December 2023,/article/10.1186/s41239-023-00434-1,10.1186/s41239-023-00434-1,"Lu Ding, Tong Li, ... Albert Gapud",Article
Distilled GPT for source code summarization,01 March 2024,/article/10.1007/s10515-024-00421-4,10.1007/s10515-024-00421-4,"Chia-Yi Su, Collin McMillan",Article
Formative Feedback on Student-Authored Summaries in Intelligent Textbooks Using Large Language Models,28 March 2024,/article/10.1007/s40593-024-00395-0,10.1007/s40593-024-00395-0,"Wesley Morris, Scott Crossley, ... Danielle McNamara",Article
Prospects for Hybrid AI,2024,https://link.springer.com/chapter/10.1007/978-3-662-68290-6_5,10.1007/978-3-662-68290-6_5,"Klaus Mainzer, Reinhard Kahle",Chapter
Acceptance and use of ChatGPT in the academic community,18 May 2024,/article/10.1007/s10639-024-12765-1,10.1007/s10639-024-12765-1,"Artur Strzelecki, Karina Cicha, ... Paulina Rutecka",Article
"Integrating LLMs in Higher Education, Through Interactive Problem Solving and Tutoring: Algorithmic Approach and Use Cases",2024,https://link.springer.com/chapter/10.1007/978-3-031-56478-9_21,10.1007/978-3-031-56478-9_21,"Nikolaos P. Bakas, Maria Papadaki, ... Savvas A. Chatzichristofis",Conference paper
Academic Integrity in the Face of Generative Language Models,2024,https://link.springer.com/chapter/10.1007/978-3-031-50215-6_5,10.1007/978-3-031-50215-6_5,"Alba Meça, Nirvana Shkëlzeni",Conference paper
The work of art in the age of artificial intelligibility,28 March 2024,/article/10.1007/s00146-023-01845-4,10.1007/s00146-023-01845-4,John McLoughlin,Article
The Current Era of Chatbots,2024,https://link.springer.com/chapter/10.1007/978-3-031-51004-5_4,10.1007/978-3-031-51004-5_4,Robert Ciesla,Chapter
A comprehensive bibliometric and content analysis of artificial intelligence in language learning: tracing between the years 2017 and 2023,01 April 2024,/article/10.1007/s10462-023-10643-9,10.1007/s10462-023-10643-9,"Abdur Rahman, Antony Raj, ... Mohamed Sahul Hameed",Article
Examining Potential Harms of Large Language Models (LLMs) in Africa,2024,https://link.springer.com/chapter/10.1007/978-3-031-56396-6_1,10.1007/978-3-031-56396-6_1,"Rehema Baguma, Hajarah Namuwaya, ... Qazi Mamunur Rashid",Conference paper
Friend or foe? Exploring the implications of large language models on the science system,26 October 2023,/article/10.1007/s00146-023-01791-1,10.1007/s00146-023-01791-1,"Benedikt Fecher, Marcel Hebing, ... Fabian Sofsky",Article
"Sora for foundation robots with parallel intelligence: three world models, three robotic systems",22 April 2024,/article/10.1631/FITEE.2400144,10.1631/FITEE.2400144,"Lili Fan, Chao Guo, ... Fei-Yue Wang",Article
Building open-source AI,26 October 2023,/article/10.1038/s43588-023-00540-0,10.1038/s43588-023-00540-0,"Yash Raj Shrestha, Georg von Krogh, Stefan Feuerriegel",Article
Can ChatGPT Pass High School Exams on English Language Comprehension?,13 September 2023,/article/10.1007/s40593-023-00372-z,10.1007/s40593-023-00372-z,Joost C. F. de Winter,Article
The Practical Concepts of Machine Learning,2024,https://link.springer.com/chapter/10.1007/978-1-4842-9801-5_2,10.1007/978-1-4842-9801-5_2,Patanjali Kashyap,Chapter
Artificial Intelligence and Information Literacy: Hazards and Opportunities,2024,https://link.springer.com/chapter/10.1007/978-3-031-53001-2_5,10.1007/978-3-031-53001-2_5,Michael Flierl,Conference paper
Use Cases,2023,https://link.springer.com/chapter/10.1007/978-1-4842-9579-3_12,10.1007/978-1-4842-9579-3_12,Patrick Parra Pennefather,Chapter
Artificial Intelligence and Information Literacy: Hazards and Opportunities,2024,https://link.springer.com/chapter/10.1007/978-3-031-53001-2_5,10.1007/978-3-031-53001-2_5,Michael Flierl,Conference paper
Fairness-aware machine learning engineering: how far are we?,24 November 2023,/article/10.1007/s10664-023-10402-y,10.1007/s10664-023-10402-y,"Carmine Ferrara, Giulia Sellitto, ... Andrea De Lucia",Article
1 \(^{st}\) Workshop on Information Retrieval for Understudied Users (IR4U2),2024,https://link.springer.com/chapter/10.1007/978-3-031-56069-9_55,10.1007/978-3-031-56069-9_55,"Maria Soledad Pera, Federica Cena, ... Emiliana Murgia",Conference paper
Learning Hierarchical Robot Skills Represented by Behavior Trees from Natural Language,2024,https://link.springer.com/chapter/10.1007/978-3-031-46846-9_20,10.1007/978-3-031-46846-9_20,"Kaiyi Wang, Yongjia Zhao, ... Ning Zhang",Conference paper
Using rhetorical strategies to design prompts: a human-in-the-loop approach to make AI useful,01 April 2024,/article/10.1007/s00146-024-01905-3,10.1007/s00146-024-01905-3,"Nupoor Ranade, Marly Saravia, Aditya Johri",Article
"The role of ChatGPT in disrupting concepts, changing values, and challenging ethical norms: a qualitative study",04 September 2023,/article/10.1007/s43681-023-00338-w,10.1007/s43681-023-00338-w,Pouyan Esmaeilzadeh,Article
Text Analysis on Early Reactions to ChatGPT as a Tool for Academic Progress or Exploitation,29 March 2024,/article/10.1007/s42979-024-02714-7,10.1007/s42979-024-02714-7,"Umar Ali Bukar, Md Shohel Sayeed, ... Raja Azlina Raja Mahmood",Article
AI hype as a cyber security risk: the moral responsibility of implementing generative AI in business,23 February 2024,/article/10.1007/s43681-024-00443-4,10.1007/s43681-024-00443-4,"Declan Humphreys, Abigail Koay, ... Erica Mealy",Article
A survey of safety and trustworthiness of large language models through the lens of verification and validation,17 June 2024,/article/10.1007/s10462-024-10824-0,10.1007/s10462-024-10824-0,"Xiaowei Huang, Wenjie Ruan, ... Mustafa A. Mustafa",Article
Breaking language barriers with ChatGPT: enhancing low-resource machine translation between algerian arabic and MSA,23 May 2024,/article/10.1007/s41870-024-01926-7,10.1007/s41870-024-01926-7,"Baligh Babaali, Mohammed Salem, Nawaf R. Alharbe",Article
AI-generated feedback on writing: insights into efficacy and ENL student preference,27 October 2023,/article/10.1186/s41239-023-00425-2,10.1186/s41239-023-00425-2,"Juan Escalante, Austin Pack, Alex Barrett",Article
Large Language Models,2023,https://link.springer.com/chapter/10.1007/978-1-4842-9367-6_5,10.1007/978-1-4842-9367-6_5,Tom Taulli,Chapter
Automated Interactive Domain-Specific Conversational Agents that Understand Human Dialogs,2023,https://link.springer.com/chapter/10.1007/978-3-031-52038-9_13,10.1007/978-3-031-52038-9_13,"Yankai Zeng, Abhiramon Rajasekharan, ... Gopal Gupta",Conference paper
My Perspective,2024,https://link.springer.com/chapter/10.1007/978-3-031-53747-9_2,10.1007/978-3-031-53747-9_2,Carlo Lipizzi,Chapter
Large language models as an “operating” system for software and systems modeling,16 September 2023,/article/10.1007/s10270-023-01126-0,10.1007/s10270-023-01126-0,"Benoit Combemale, Jeff Gray, Bernhard Rumpe",Article
Developments in Artificial Intelligence and Linguistics,2024,https://link.springer.com/chapter/10.1007/978-3-031-51004-5_2,10.1007/978-3-031-51004-5_2,Robert Ciesla,Chapter
Generating Creativity from Negativity,2023,https://link.springer.com/chapter/10.1007/978-1-4842-9579-3_1,10.1007/978-1-4842-9579-3_1,Patrick Parra Pennefather,Chapter
Prof Pi: Using Whatsapp Bots and GPT-4 for Tutoring Mathematics in Underserved Areas,2024,https://link.springer.com/chapter/10.1007/978-3-031-51849-2_19,10.1007/978-3-031-51849-2_19,"Laurie Butgereit, Herman Martinus",Conference paper
Exploratory study on the potential of ChatGPT as a rater of second language writing,13 June 2024,/article/10.1007/s10639-024-12817-6,10.1007/s10639-024-12817-6,"Dongkwang Shin, Jang Ho Lee",Article
Prof Pi: Using Whatsapp Bots and GPT-4 for Tutoring Mathematics in Underserved Areas,2024,https://link.springer.com/chapter/10.1007/978-3-031-51849-2_19,10.1007/978-3-031-51849-2_19,"Laurie Butgereit, Herman Martinus",Conference paper
KG-CTG: Citation Generation Through Knowledge Graph-Guided Large Language Models,2023,https://link.springer.com/chapter/10.1007/978-3-031-49601-1_3,10.1007/978-3-031-49601-1_3,"Avinash Anand, Mohit Gupta, ... Rajiv Ratn Shah",Conference paper
"Influence of Artificial Intelligence in Higher Education; Impact, Risk and Counter Measure",2023,https://link.springer.com/chapter/10.1007/978-3-031-33627-0_7,10.1007/978-3-031-33627-0_7,"Musarrat Saberin Nipun, Md.Simul Hasan Talukder, ... Rejwan Bin Sulaiman",Chapter
PapagAI: Automated Feedback for Reflective Essays,2023,https://link.springer.com/chapter/10.1007/978-3-031-42608-7_16,10.1007/978-3-031-42608-7_16,"Veronika Solopova, Eiad Rostom, ... Tim Landgraf",Conference paper
The ethics of using artificial intelligence in scientific research: new guidance needed for a new tool,27 May 2024,/article/10.1007/s43681-024-00493-8,10.1007/s43681-024-00493-8,"David B. Resnik, Mohammad Hosseini",Article
The Impact on Major Industries,2023,https://link.springer.com/chapter/10.1007/978-1-4842-9367-6_8,10.1007/978-1-4842-9367-6_8,Tom Taulli,Chapter
"“The ChatGPT bot is causing panic now – but it’ll soon be as mundane a tool as Excel”: analysing topics, sentiment and emotions relating to ChatGPT on Twitter",21 May 2024,/article/10.1007/s00779-024-01811-x,10.1007/s00779-024-01811-x,"Dan Heaton, Jeremie Clos, ... Joel E. Fischer",Article
Comparative Quality Analysis of GPT-Based Multiple Choice Question Generation,2024,https://link.springer.com/chapter/10.1007/978-3-031-46813-1_29,10.1007/978-3-031-46813-1_29,Christian Grévisse,Conference paper
The Use of ChatGPT in Source-Based Writing Tasks,19 June 2024,/article/10.1007/s40593-024-00413-1,10.1007/s40593-024-00413-1,"Christian Tarchi, Alessandra Zappoli, ... Eva Wennås Brante",Article
Self-agreement: A Framework for Fine-Tuning Language Models to Find Agreement Among Diverse Opinions,2024,https://link.springer.com/chapter/10.1007/978-981-99-7022-3_26,10.1007/978-981-99-7022-3_26,"Shiyao Ding, Takayuki Ito",Conference paper
Unraveling the mysteries of AI chatbots,13 March 2024,/article/10.1007/s10462-024-10720-7,10.1007/s10462-024-10720-7,Raj Bridgelall,Article
FIFAWC: a dataset with detailed annotation and rich semantics for group activity recognition,06 June 2024,/article/10.1007/s11704-024-40027-3,10.1007/s11704-024-40027-3,"Duoxuan Pei, Di Huang, Yunhong Wang",Article
"Artificial thinking and doomsday projections: a discourse on trust, ethics and safety",20 November 2023,/article/10.1007/s00146-023-01810-1,10.1007/s00146-023-01810-1,"Jeffrey White, Dietrich Brandt, ... Larry Stapleton",Article
"On inscription and bias: data, actor network theory, and the social problems of text-to-image AI models",21 February 2024,/article/10.1007/s43681-024-00431-8,10.1007/s43681-024-00431-8,Jorge Luis Morton,Article
Chatbots as Villains: The Antisocial Uses of AI,2024,https://link.springer.com/chapter/10.1007/978-3-031-51004-5_7,10.1007/978-3-031-51004-5_7,Robert Ciesla,Chapter
Evolution Through Large Models,2024,https://link.springer.com/chapter/10.1007/978-981-99-3814-8_11,10.1007/978-981-99-3814-8_11,"Joel Lehman, Jonathan Gordon, ... Kenneth O. Stanley",Chapter
Philosophical and Social Realm,2023,https://link.springer.com/chapter/10.1007/978-3-031-35331-4_2,10.1007/978-3-031-35331-4_2,"Boris Aberšek, Andrej Flogie, Igor Pesek",Chapter
Requirements Engineering for Cyber-Physical Products,2023,https://link.springer.com/chapter/10.1007/978-3-031-42307-9_23,10.1007/978-3-031-42307-9_23,"Thomas Fehlmann, Eberhard Kranich",Conference paper
What do academics have to say about ChatGPT? A text mining analytics on the discussions regarding ChatGPT on research writing,23 October 2023,/article/10.1007/s43681-023-00354-w,10.1007/s43681-023-00354-w,Rex Bringula,Article
How Can Natural Language Processing and Generative AI Address Grand Challenges of Quantitative User Personas?,2023,https://link.springer.com/chapter/10.1007/978-3-031-48057-7_14,10.1007/978-3-031-48057-7_14,"Joni Salminen, Soon-gyo Jung, ... Bernard Jansen",Conference paper
"A phenomenology and epistemology of large language models: transparency, trust, and trustworthiness",18 June 2024,/article/10.1007/s10676-024-09777-3,10.1007/s10676-024-09777-3,"Richard Heersmink, Barend de Rooij, ... Matteo Colombo",Article
Optimized BERT Model for Question Answering System on Mobile Platform,2024,https://link.springer.com/chapter/10.1007/978-3-031-58495-4_9,10.1007/978-3-031-58495-4_9,"Priyadarshini Patil, Chandan Rao, S. M. Meena",Conference paper
Getting it right: the limits of fine-tuning large language models,31 May 2024,/article/10.1007/s10676-024-09779-1,10.1007/s10676-024-09779-1,Jacob Browning,Article
"ChatGPT: potential, prospects, and limitations",28 February 2023,/article/10.1631/FITEE.2300089,10.1631/FITEE.2300089,"Jie Zhou, Pei Ke, ... Junping Zhang",Article
Generative AI as a Supportive Tool for Scientific Research,2024,https://link.springer.com/chapter/10.1007/978-3-031-46238-2_1,10.1007/978-3-031-46238-2_1,Abraham Itzhak Weinberg,Chapter
Application of Large Language Models to DDoS Attack Detection,2024,https://link.springer.com/chapter/10.1007/978-3-031-51630-6_6,10.1007/978-3-031-51630-6_6,"Michael Guastalla, Yiyi Li, ... Bhaskar Krishnamachari",Conference paper
Assessing and Enhancing LLMs: A Physics and History Dataset and One-More-Check Pipeline Method,2024,https://link.springer.com/chapter/10.1007/978-981-99-8178-6_38,10.1007/978-981-99-8178-6_38,"Chaofan He, Chunhui Li, ... Liping Shen",Conference paper
@llegra: a chatbot for Vallader,19 February 2024,/article/10.1007/s41870-024-01779-0,10.1007/s41870-024-01779-0,"Oliver Bendel, Dalil Jabou",Article
Knowledge Sources,2024,https://link.springer.com/chapter/10.1007/978-981-97-0747-8_2,10.1007/978-981-97-0747-8_2,"Meng Jiang, Bill Yuchen Lin, ... Chenguang Zhu",Chapter
Computational Approaches for Traditional Chinese Painting: From the “Six Principles of Painting” Perspective,01 March 2024,/article/10.1007/s11390-024-3408-x,10.1007/s11390-024-3408-x,"Wei Zhang, Jian-Wei Zhang, ... Wei Chen",Article
"Conversational Process Modelling: State of the Art, Applications, and Implications in Practice",2023,https://link.springer.com/chapter/10.1007/978-3-031-41623-1_19,10.1007/978-3-031-41623-1_19,"Nataliia Klievtsova, Janik-Vasily Benzin, ... Stefanie Rinderle-Ma",Conference paper
Constructing a teacher portrait for the artificial intelligence age based on the micro ecological system theory: A systematic review,14 February 2024,/article/10.1007/s10639-024-12513-5,10.1007/s10639-024-12513-5,"Xiaoyong Hu, Hui Sui, ... Li Zhao",Article
Beware of sustainable AI! Uses and abuses of a worthy goal,02 February 2023,/article/10.1007/s43681-023-00259-8,10.1007/s43681-023-00259-8,"Jan-Christoph Heilinger, Hendrik Kempt, Saskia Nagel",Article
Automated Program Repair Using Generative Models for Code Infilling,2023,https://link.springer.com/chapter/10.1007/978-3-031-36272-9_74,10.1007/978-3-031-36272-9_74,"Charles Koutcheme, Sami Sarsa, ... Paul Denny",Conference paper
"Threats, Opportunities, and Misconceptions",2023,https://link.springer.com/chapter/10.1007/979-8-8688-0017-7_6,10.1007/979-8-8688-0017-7_6,Thimira Amaratunga,Chapter
Safeguarding human values: rethinking US law for generative AI’s societal impacts,07 May 2024,/article/10.1007/s43681-024-00451-4,10.1007/s43681-024-00451-4,"Inyoung Cheong, Aylin Caliskan, Tadayoshi Kohno",Article
Support to Interaction Between Medical Practitioners and Patients: A Systematic Review,2024,https://link.springer.com/chapter/10.1007/978-3-031-56396-6_24,10.1007/978-3-031-56396-6_24,"Ezekiel Olayide Tolulope, Franklin Tchakounte",Conference paper
The impact of ChatGPT on L2 writing and expected responses: Voice from doctoral students,12 December 2023,/article/10.1007/s10639-023-12397-x,10.1007/s10639-023-12397-x,"Min Zou, Liang Huang",Article
Analyzing the Innovative Potential of Texts Generated by Large Language Models: An Empirical Evaluation,2023,https://link.springer.com/chapter/10.1007/978-3-031-39689-2_2,10.1007/978-3-031-39689-2_2,"Oliver Krauss, Michaela Jungwirth, ... Andreas Stoeckl",Conference paper
The Transformation of Business,2023,https://link.springer.com/chapter/10.1007/978-1-4842-9367-6_7,10.1007/978-1-4842-9367-6_7,Tom Taulli,Chapter
Creating Automatic Connections for Personal Knowledge Management,08 May 2024,/article/10.1007/s42979-024-02876-4,10.1007/s42979-024-02876-4,"Felipe Poggi A. Fraga, Marcus Poggi, ... Luiz André P. Paes Leme",Article
Exploring differences in ethical decision-making processes between humans and ChatGPT-3 model: a study of trade-offs,04 September 2023,/article/10.1007/s43681-023-00335-z,10.1007/s43681-023-00335-z,"Umair Rehman, Farkhund Iqbal, Muhammad Umair Shah",Article
Interpretable Dropout Prediction: Towards XAI-Based Personalized Intervention,14 March 2023,/article/10.1007/s40593-023-00331-8,10.1007/s40593-023-00331-8,"Marcell Nagy, Roland Molontay",Article
Machine learning in human creativity: status and perspectives,12 January 2024,/article/10.1007/s00146-023-01836-5,10.1007/s00146-023-01836-5,"Mirko Farina, Andrea Lavazza, ... Witold Pedrycz",Article
Student Opinion Mining About Instructor Using Optimized Ensemble Machine Learning Model and Feature Fusion,25 June 2024,/article/10.1007/s42979-024-03032-8,10.1007/s42979-024-03032-8,"Ravinder Ahuja, S. C. Sharma",Article
The Economics of Generative AI,2024,https://link.springer.com/chapter/10.1007/978-3-031-46238-2_25,10.1007/978-3-031-46238-2_25,Stanislav Ivanov,Chapter
The Future of Humans and Language Models,2023,https://link.springer.com/chapter/10.1007/978-3-031-37690-0_7,10.1007/978-3-031-37690-0_7,Mascha Kurpicz-Briki,Chapter
Conversational Systems for AI-Augmented Business Process Management,2024,https://link.springer.com/chapter/10.1007/978-3-031-59465-6_12,10.1007/978-3-031-59465-6_12,"Angelo Casciani, Mario L. Bernardi, ... Andrea Marrella",Conference paper
"Generative AI for pentesting: the good, the bad, the ugly",15 March 2024,/article/10.1007/s10207-024-00835-x,10.1007/s10207-024-00835-x,"Eric Hilario, Sami Azam, ... Bharanidharan Shanmugam",Article
A Software Platform for Evaluating Student Essays in Interdisciplinary Learning with Topic Classification Techniques,2023,https://link.springer.com/chapter/10.1007/978-3-031-36336-8_100,10.1007/978-3-031-36336-8_100,"Bryan Lim Cheng Yee, Chenyu Hou, ... Xiuyi Fan",Conference paper
"The imitation game, the “child machine,” and the fathers of AI",25 June 2022,/article/10.1007/s00146-022-01512-0,10.1007/s00146-022-01512-0,Teresa Heffernan,Article
Acceptance of Generative AI in the Creative Industry: Examining the Role of AI Anxiety in the UTAUT2 Model,2023,https://link.springer.com/chapter/10.1007/978-3-031-48057-7_18,10.1007/978-3-031-48057-7_18,"Ming Yin, Bingxu Han, ... Min Hua",Conference paper
Data cleaning and machine learning: a systematic literature review,11 June 2024,/article/10.1007/s10515-024-00453-w,10.1007/s10515-024-00453-w,"Pierre-Olivier Côté, Amin Nikanjam, ... Foutse Khomh",Article
Large Language Models in the Workplace: A Case Study on Prompt Engineering for Job Type Classification,2023,https://link.springer.com/chapter/10.1007/978-3-031-35320-8_1,10.1007/978-3-031-35320-8_1,"Benjamin Clavié, Alexandru Ciceu, ... Thomas Brightwell",Conference paper
"Prolog: Past, Present, and Future",2023,https://link.springer.com/chapter/10.1007/978-3-031-35254-6_4,10.1007/978-3-031-35254-6_4,"Gopal Gupta, Elmer Salazar, ... Manuel Carro",Chapter
Fundamentals of Natural Language Processing,2023,https://link.springer.com/chapter/10.1007/978-1-4842-9221-1_5,10.1007/978-1-4842-9221-1_5,Krunal S. Trivedi,Chapter
From nCoder to ChatGPT: From Automated Coding to Refining Human Coding,2023,https://link.springer.com/chapter/10.1007/978-3-031-47014-1_32,10.1007/978-3-031-47014-1_32,"Andres Felipe Zambrano, Xiner Liu, ... Nidhi Nasiar",Conference paper
State of the Art of Machine Learning,2024,https://link.springer.com/chapter/10.1007/978-3-031-46990-9_7,10.1007/978-3-031-46990-9_7,Eklas Hossain,Chapter
At the intersection of humanity and technology: a technofeminist intersectional critical discourse analysis of gender and race biases in the natural language processing model GPT-3,25 November 2023,/article/10.1007/s00146-023-01804-z,10.1007/s00146-023-01804-z,"M. A. Palacios Barea, D. Boeren, J. F. Ferreira Goncalves",Article
Prompting meaning: a hermeneutic approach to optimising prompt engineering with ChatGPT,04 September 2023,/article/10.1007/s00146-023-01752-8,10.1007/s00146-023-01752-8,"Leah Henrickson, Albert Meroño-Peñuela",Article
Prompting meaning: a hermeneutic approach to optimising prompt engineering with ChatGPT,04 September 2023,/article/10.1007/s00146-023-01752-8,10.1007/s00146-023-01752-8,"Leah Henrickson, Albert Meroño-Peñuela",Article
Opposing agents evolve the research: a decade of digital forensics,11 June 2024,/article/10.1007/s11042-024-19519-8,10.1007/s11042-024-19519-8,"Raghu Raman, Aditya Kumar Sahu, ... Prema Nedungadi",Article
Enhancing academic performance prediction with temporal graph networks for massive open online courses,13 April 2024,/article/10.1186/s40537-024-00918-5,10.1186/s40537-024-00918-5,"Qionghao Huang, Jili Chen",Article
"Chatgpt for cybersecurity: practical applications, challenges, and future directions",24 August 2023,/article/10.1007/s10586-023-04124-5,10.1007/s10586-023-04124-5,"Muna Al-Hawawreh, Ahamed Aljuhani, Yaser Jararweh",Article
Panda3D,2023,https://link.springer.com/chapter/10.1007/978-3-319-08234-9_535-1,10.1007/978-3-319-08234-9_535-1,Elif Surer,Living reference work entry
Predictive analysis visualization component in simulated data streams,14 June 2024,/article/10.1007/s10791-024-09447-4,10.1007/s10791-024-09447-4,"Adam Dudáš, Daniel Demian",Article
Challenges as catalysts: how Waymo’s Open Dataset Challenges shape AI development,17 April 2024,/article/10.1007/s00146-024-01927-x,10.1007/s00146-024-01927-x,"Sam Hind, Fernando N. van der Vlist, Max Kanderske",Article
Learner Models for MOOC in a Lifelong Learning Context: A Systematic Literature Review,2021,https://link.springer.com/chapter/10.1007/978-3-030-86439-2_20,10.1007/978-3-030-86439-2_20,"Sergio Iván Ramírez Luelmo, Nour El Mawas, Jean Heutte",Conference paper
BiMuF: a bi-directional recommender system with multi-semantic filter for online recruitment,17 October 2023,/article/10.1007/s10115-023-01997-1,10.1007/s10115-023-01997-1,"Pei-Yuan Lai, Zhe-Rui Yang, ... Chang-Dong Wang",Article
The mechanisms of AI hype and its planetary and social costs,02 April 2024,/article/10.1007/s43681-024-00461-2,10.1007/s43681-024-00461-2,"Alva Markelius, Connor Wright, ... Yu-Ting Kuo",Article
Engaging the many-hands problem of generative-AI outputs: a framework for attributing credit,11 March 2024,/article/10.1007/s43681-024-00440-7,10.1007/s43681-024-00440-7,"Donal Khosrowi, Finola Finn, Elinor Clark",Article
Analyzing the impact of companies on AI research based on publications,24 November 2023,/article/10.1007/s11192-023-04867-3,10.1007/s11192-023-04867-3,"Michael Färber, Lazaros Tampakis",Article
Identifying missing data handling methods with text mining,17 June 2024,/article/10.1007/s41060-024-00582-1,10.1007/s41060-024-00582-1,"Krisztián Boros, Zoltán Kmetty",Article
ChatGPT: towards AI subjectivity,09 April 2024,/article/10.1007/s00146-024-01898-z,10.1007/s00146-024-01898-z,Kristian D’Amato,Article
Understanding AI,2023,https://link.springer.com/chapter/10.1007/978-1-4842-9852-7_7,10.1007/978-1-4842-9852-7_7,Tom Taulli,Chapter
Similarity-driven and task-driven models for diversity of opinion in crowdsourcing markets,17 May 2024,/article/10.1007/s00778-024-00853-0,10.1007/s00778-024-00853-0,"Chen Jason Zhang, Yunrui Liu, ... Fei Hao",Article
Summary,2024,https://link.springer.com/chapter/10.1007/978-3-031-55225-0_9,10.1007/978-3-031-55225-0_9,Grzegorz Chodak,Chapter
Enhancing BERT-Based Language Model for Multi-label Vulnerability Detection of Smart Contract in Blockchain,24 June 2024,/article/10.1007/s10922-024-09832-w,10.1007/s10922-024-09832-w,"Van Tong, Cuong Dao, ... Sami Souihi",Article
Future Trends in AI and Its Considerations for Business,2023,https://link.springer.com/chapter/10.1007/978-1-4842-9669-1_23,10.1007/978-1-4842-9669-1_23,Francisco Javier Campos Zabala,Chapter
Understanding ChatGPT’s Underlying Technology,2023,https://link.springer.com/chapter/10.1007/979-8-8688-0032-0_2,10.1007/979-8-8688-0032-0_2,Charles Waghmare,Chapter
"Exploring contactless techniques in multimodal emotion recognition: insights into diverse applications, challenges, solutions, and prospects",06 April 2024,/article/10.1007/s00530-024-01302-2,10.1007/s00530-024-01302-2,"Umair Ali Khan, Qianru Xu, ... Janne Kauttonen",Article
Public perception of generative AI on Twitter: an empirical study based on occupation and usage,08 January 2024,/article/10.1140/epjds/s13688-023-00445-y,10.1140/epjds/s13688-023-00445-y,"Kunihiro Miyazaki, Taichi Murayama, ... Haewoon Kwak",Article
Examining Ethical and Social Implications of Digital Mental Health Technologies Through Expert Interviews and Sociotechnical Systems Theory,31 May 2024,/article/10.1007/s44206-024-00110-5,10.1007/s44206-024-00110-5,Jonathan Adams,Article
AI ethics as subordinated innovation network,20 April 2023,/article/10.1007/s00146-023-01658-5,10.1007/s00146-023-01658-5,James Steinhoff,Article
Needs and artificial intelligence,06 October 2022,/article/10.1007/s43681-022-00206-z,10.1007/s43681-022-00206-z,"Soheil Human, Ryan Watkins",Article
A method for the ethical analysis of brain-inspired AI,03 May 2024,/article/10.1007/s10462-024-10769-4,10.1007/s10462-024-10769-4,"Michele Farisco, G. Baldassarre, ... S. J. van Albada",Article
Use case cards: a use case reporting framework inspired by the European AI Act,20 March 2024,/article/10.1007/s10676-024-09757-7,10.1007/s10676-024-09757-7,"Isabelle Hupont, David Fernández-Llorca, ... Emilia Gómez",Article
Re-evaluating GPT-4’s bar exam performance,30 March 2024,/article/10.1007/s10506-024-09396-9,10.1007/s10506-024-09396-9,Eric Martínez,Article
On the computational complexity of ethics: moral tractability for minds and machines,31 March 2024,/article/10.1007/s10462-024-10732-3,10.1007/s10462-024-10732-3,Jakob Stenseke,Article
Anticipating impacts: using large-scale scenario-writing to explore diverse implications of generative AI in the news environment,27 May 2024,/article/10.1007/s43681-024-00497-4,10.1007/s43681-024-00497-4,"Kimon Kieslich, Nicholas Diakopoulos, Natali Helberger",Article
Legal Tech and Lawtech: Towards a Framework for Technological Trends in the Legal Services Industry,2021,https://link.springer.com/chapter/10.1007/978-3-030-66661-3_11,10.1007/978-3-030-66661-3_11,"Ciaran M. Harper, S. Sarah Zhang",Chapter
Growth and Branching of Natural Language Processing,2024,https://link.springer.com/chapter/10.1007/978-981-97-0771-3_6,10.1007/978-981-97-0771-3_6,Masayuki Ida,Chapter
Personalized Persuasive Technologies in Health and Wellness: From Theory to Practice,2024,https://link.springer.com/chapter/10.1007/978-3-031-55109-3_10,10.1007/978-3-031-55109-3_10,"Alaa Alslaity, Oladapo Oyebode, ... Rita Orji",Chapter
"Machine learning towards intelligent systems: applications, challenges, and opportunities",08 January 2021,/article/10.1007/s10462-020-09948-w,10.1007/s10462-020-09948-w,"MohammadNoor Injadat, Abdallah Moubayed, ... Abdallah Shami",Article
Beyond Predictive Learning Analytics Modelling and onto Explainable Artificial Intelligence with Prescriptive Analytics and ChatGPT,22 June 2023,/article/10.1007/s40593-023-00336-3,10.1007/s40593-023-00336-3,Teo Susnjak,Article
Situational Data Integration in Question Answering systems: a survey over two decades,18 June 2024,/article/10.1007/s10115-024-02136-0,10.1007/s10115-024-02136-0,"Maria Helena Franciscatto, Luis Carlos Erpen de Bona, ... João Carlos Damasceno Lima",Article
A systematic review and research challenges on phishing cyberattacks from an electroencephalography and gaze-based perspective,19 March 2024,/article/10.1007/s00779-024-01794-9,10.1007/s00779-024-01794-9,"George A. Thomopoulos, Dimitrios P. Lyras, Christos A. Fidas",Article
Text Data Augmentation for Deep Learning,19 July 2021,/article/10.1186/s40537-021-00492-0,10.1186/s40537-021-00492-0,"Connor Shorten, Taghi M. Khoshgoftaar, Borko Furht",Article
Resources and Conclusions,2022,https://link.springer.com/chapter/10.1007/978-3-031-16719-5_13,10.1007/978-3-031-16719-5_13,"Matthew Guzdial, Sam Snodgrass, Adam J. Summerville",Chapter
Exploring Unique App Signature of the Depressed and Non-depressed Through Their Fingerprints on Apps,2022,https://link.springer.com/chapter/10.1007/978-3-030-99194-4_15,10.1007/978-3-030-99194-4_15,"Md. Sabbir Ahmed, Nova Ahmed",Conference paper
A survey on sentiment analysis and its applications,17 August 2023,/article/10.1007/s00521-023-08941-y,10.1007/s00521-023-08941-y,"Tamara Amjad Al-Qablan, Mohd Halim Mohd Noor, ... Ahamad Tajudin Khader",Article
Clinical Information Retrieval: A Literature Review,23 January 2024,/article/10.1007/s41666-024-00159-4,10.1007/s41666-024-00159-4,"Sonish Sivarajkumar, Haneef Ahamed Mohammad, ... Yanshan Wang",Article
Six-Writings multimodal processing with pictophonetic coding to enhance Chinese language models,01 January 2024,/article/10.1631/FITEE.2300384,10.1631/FITEE.2300384,"Li Weigang, Mayara Chew Marinho, ... Vitor Vasconcelos De Oliveira",Article
Advanced SXO Techniques,2023,https://link.springer.com/chapter/10.1007/978-1-4842-9212-9_4,10.1007/978-1-4842-9212-9_4,Zuzanna Krüger,Chapter
The Ethics of Computational Social Science,2023,https://link.springer.com/chapter/10.1007/978-3-031-16624-2_4,10.1007/978-3-031-16624-2_4,David Leslie,Chapter
So What’s the Plan? Mining Strategic Planning Documents,2020,https://link.springer.com/chapter/10.1007/978-3-030-65218-0_16,10.1007/978-3-030-65218-0_16,"Ekaterina Artemova, Tatiana Batura, ... Elena Tutubalina",Conference paper
Tabular and latent space synthetic data generation: a literature review,10 July 2023,/article/10.1186/s40537-023-00792-7,10.1186/s40537-023-00792-7,"Joao Fonseca, Fernando Bacao",Article
An association between fingerprint patterns with blood group and lifestyle based diseases: a review,18 August 2020,/article/10.1007/s10462-020-09891-w,10.1007/s10462-020-09891-w,"Vijaykumar Patil, D. R. Ingle",Article
Special issue in memory of Carole Hafner: editor’s introduction,10 November 2016,/article/10.1007/s10506-016-9191-4,10.1007/s10506-016-9191-4,T. J. M. Bench-Capon,Article
Digital Innovation and Social Dilemmas,2014,https://link.springer.com/chapter/10.1007/978-3-662-43459-8_4,10.1007/978-3-662-43459-8_4,"Maria Åkesson, Michel Thomsen",Conference paper
Topological Operators on Cell Complexes in Arbitrary Dimensions,2012,https://link.springer.com/chapter/10.1007/978-3-642-30238-1_11,10.1007/978-3-642-30238-1_11,"Lidija Čomić, Leila De Floriani",Conference paper
"Bureaucracy, Safety and Software: a Potentially Lethal Cocktail",2010,https://link.springer.com/chapter/10.1007/978-1-84996-086-1_2,10.1007/978-1-84996-086-1_2,Les Hatton,Conference paper
E-Government Interoperability Framework: A Case Study in a Developing Country,2010,https://link.springer.com/chapter/10.1007/978-1-4419-6536-3_32,10.1007/978-1-4419-6536-3_32,"Pavel Shvaiko, Adolfo Villafiorita, ... Teotonio Fumo",Chapter
Distillation,2011,https://link.springer.com/chapter/10.1007/978-1-4419-7713-7_4,10.1007/978-1-4419-7713-7_4,"Radu Hans Florian, Joseph Olive, ... John McCary",Chapter
eGIF4M: eGovernment Interoperability Framework for Mozambique,2009,https://link.springer.com/chapter/10.1007/978-3-642-03516-6_28,10.1007/978-3-642-03516-6_28,"Pavel Shvaiko, Adolfo Villafiorita, ... Jussi Hinkkanen",Conference paper
A Methodology of Traffic Engineering to IP Backbone,2009,https://link.springer.com/chapter/10.1007/978-3-642-04968-2_16,10.1007/978-3-642-04968-2_16,"José E. Bessa Maia, Arnoldo N. da Silva, ... Paulo R. F. Cunha",Conference paper
"The Transmission of Pythagorean Arithmetic in the Context of the Ancient Musical Tradition from the Greek to the Latin Orbits During the Renaissance: A Computational Approach of Identifying and Analyzing the Formation of Scales in the De Harmonia Musicorum Instrumentorum Opus (Milan, 1518) of Franchino Gaffurio (1451–1522)",2009,https://link.springer.com/chapter/10.1007/978-3-642-04579-0_39,10.1007/978-3-642-04579-0_39,"Herbert Kreyszig, Walter Kreyszig",Conference paper
On Alternating Phrase-Structure Grammars,2008,https://link.springer.com/chapter/10.1007/978-3-540-88282-4_36,10.1007/978-3-540-88282-4_36,"Etsuro Moriya, Friedrich Otto",Conference paper
Implementing Flexible Parallelism for Modular Self-reconfigurable Robots,2008,https://link.springer.com/chapter/10.1007/978-3-540-89076-8_15,10.1007/978-3-540-89076-8_15,"Mirko Bordignon, Lars Lindegaard Mikkelsen, Ulrik Pagh Schultz",Conference paper
Measuring Core Inflation by Multivariate Structural Time Series Models,2007,https://link.springer.com/chapter/10.1007/3-540-36626-1_10,10.1007/3-540-36626-1_10,Tommaso Proietti,Conference paper
Towards a Digital Library for Language Learning,2006,https://link.springer.com/chapter/10.1007/11863878_29,10.1007/11863878_29,"Shaoqun Wu, Ian H. Witten",Conference paper
Determination of Storage Locations for Incoming Containers of Uncertain Weight,2006,https://link.springer.com/chapter/10.1007/11779568_123,10.1007/11779568_123,"Jaeho Kang, Kwang Ryel Ryu, Kap Hwan Kim",Conference paper
Safety Case Practice - Meet the Challenge,2006,https://link.springer.com/chapter/10.1007/1-84628-447-3_5,10.1007/1-84628-447-3_5,"Werner Winkelbauer, Gabriele Schedl, Andreas Gerstinger",Conference paper
The Offshoring Obstacle Course,2004,https://link.springer.com/chapter/10.1007/978-1-4302-0740-5_3,10.1007/978-1-4302-0740-5_3,Bill Blunden,Chapter
Intelligent Agents for Document Categorization and Adaptive Filtering Using a Neural Network Approach and Fuzzy Logic,2003,https://link.springer.com/chapter/10.1007/978-1-4757-3739-4_12,10.1007/978-1-4757-3739-4_12,Frank Teuteberg,Chapter
Machine vision for industrial applications,2001,https://link.springer.com/chapter/10.1007/978-1-4471-0239-7_1,10.1007/978-1-4471-0239-7_1,"Bruce Batchelor, Frederick Waltz",Chapter
Chip-To-Package Interconnections,1997,https://link.springer.com/chapter/10.1007/978-1-4615-6037-1_2,10.1007/978-1-4615-6037-1_2,"Paul A. Totta, Subash Khadpe, ... Michael J. Sheaffer",Chapter
Legal Case Analysis in IS Research: Failures in Employing and Outsourcing for IT Professionals,1997,https://link.springer.com/chapter/10.1007/978-0-387-35309-8_25,10.1007/978-0-387-35309-8_25,"S. Ang, A. Endeshaw",Chapter
High-speed tools for Global Information Management I. Information processing and retrieval,01 August 1996,/article/10.1007/BF02265087,10.1007/BF02265087,"Paul A. D. De Maine, Kenneth D. Bradley",Article
Inductive logic programming beyond logical implication,1996,https://link.springer.com/chapter/10.1007/3-540-61863-5_46,10.1007/3-540-61863-5_46,"Jianguo Lu, Jun Arima",Conference paper
Learning controllers for industrial robots,01 May 1996,/article/10.1007/BF00117445,10.1007/BF00117445,"C. Baroglio, A. Giordana, ... R. Piola",Article
Estimating test effectiveness with dynamic complexity measurement,01 January 1996,/article/10.1007/BF00127448,10.1007/BF00127448,"John C. Munson, Gregory A. Hall",Article
A skills-driven process for training computer professionals,1995,https://link.springer.com/chapter/10.1007/3-540-58951-1_119,10.1007/3-540-58951-1_119,"Sherrie Bayman, Maurice H. Blumberg, ... Cheryl Diallo",Conference paper
Fast parallel Lyndon factorization with applications,01 March 1995,/article/10.1007/BF01191471,10.1007/BF01191471,"A. Apostolico, M. Crochemore",Article
The effect of management structure on the performance of interconnected packet-switched networks,01 March 1993,/article/10.1007/BF01026826,10.1007/BF01026826,"Izhak Rubin, Teresa Cheng",Article
On the Computational Complexity of Approximating Distributions by Probabilistic Automata,01 July 1992,/article/10.1023/A:1022693116573,10.1023/A:1022693116573,"Naoki Abe, Manfred K. Warmuth",Article
Random Mapping Statistics,1990,https://link.springer.com/chapter/10.1007/3-540-46885-4_34,10.1007/3-540-46885-4_34,"Philippe Flajolet, Andrew M. Odlyzko",Conference paper
Scientometric datafiles. A comprehensive set of indicators on 2649 journals and 96 countries in all major science fields and subfields 1981–1985,01 June 1989,/article/10.1007/BF02093234,10.1007/BF02093234,"A. Schubert, W. Glänzel, T. Braun",Article
Performance Evaluation of a Database System in Multiple Backend Configurations,1985,https://link.springer.com/chapter/10.1007/978-1-4612-5144-6_5,10.1007/978-1-4612-5144-6_5,"Steven A. Demurjian, David K. Hsiao, ... Joel Trimble",Chapter
Transcript of panel discussion,1982,https://link.springer.com/chapter/10.1007/BFb0025794,10.1007/BFb0025794,,Conference paper
Lateralization of Emotional or Behavioral Responses in Intact and Hemisphere-Damaged Humans and Rats,1982,https://link.springer.com/chapter/10.1007/978-1-4684-7890-7_10,10.1007/978-1-4684-7890-7_10,"Godfrey D. Pearlson, Robert G. Robinson",Chapter
